Date,Total_Sales,Number_of_Transactions,Average_Order_Value,Sales_by_Product_Category,Customer_Count,Return_Rate
2023-11-01,6798,162,35.59,Clothing,142,0.03
2023-11-02,5744,116,44.04,Home Goods,164,0.04
2023-11-03,6631,123,43.71,Books,162,0.04
2023-11-04,6315,110,31.87,Clothing,137,0.05
2023-11-05,5792,172,47.89,Electronics,167,0.04
2023-11-06,3092,111,46.99,Sports,135,0.04
2023-11-07,5392,114,34.68,Books,134,0.02
2023-11-08,4167,128,47.2,Electronics,138,0.02
2023-11-09,4556,195,44.25,Home Goods,164,0.01
2023-11-10,4096,195,34.05,Books,176,0.03
2023-11-11,6321,195,45.07,Sports,104,0.02
2023-11-12,3804,157,32.63,Electronics,130,0.04
2023-11-13,3088,159,41.13,Electronics,133,0.03
2023-11-14,6495,183,38.67,Electronics,166,0.02
2023-11-15,4212,138,31.71,Books,117,0.05
2023-11-16,6229,190,31.09,Sports,149,0.05
2023-11-17,3684,109,30.29,Books,151,0.03
2023-11-18,6668,182,42.19,Home Goods,100,0.03
2023-11-19,5865,149,37.4,Electronics,104,0.03
2023-11-20,3531,178,47.38,Sports,173,0.02
2023-11-21,5182,183,39.85,Books,101,0.05
2023-11-22,4380,135,47.12,Clothing,126,0.01
2023-11-23,6123,152,43.48,Electronics,121,0.04
2023-11-24,6131,144,43.79,Books,130,0.04
2023-11-25,4209,128,36.04,Sports,110,0.02
2023-11-26,6026,158,44.55,Clothing,105,0.02
2023-11-27,4287,141,47.61,Home Goods,132,0.03
2023-11-28,6932,175,49.14,Sports,172,0.05
2023-11-29,5605,114,30.93,Clothing,108,0.01
2023-11-30,6072,168,33.3,Electronics,101,0.05
2023-12-01,4929,114,46.45,Home Goods,112,0.01
2023-12-02,6151,193,43.95,Books,102,0.04
2023-12-03,3435,199,33.54,Home Goods,138,0.03
2023-12-04,6670,157,35.57,Books,111,0.04
2023-12-05,3944,176,45.79,Electronics,163,0.04
2023-12-06,5862,105,31.51,Home Goods,179,0.02
2023-12-07,3972,150,33.69,Sports,98,0.04
2023-12-08,5738,112,48.12,Clothing,146,0.03
2023-12-09,4201,162,47.93,Electronics,123,0.03
2023-12-10,3861,119,36.99,Sports,148,0.03
2023-12-11,6500,172,33.16,Books,139,0.05
2023-12-12,6928,168,30.71,Home Goods,107,0.01
2023-12-13,4549,191,47.76,Home Goods,111,0.04
2023-12-14,3769,102,43.78,Books,154,0.04
2023-12-15,3402,108,47.75,Sports,110,0.04
2023-12-16,4201,114,43.49,Electronics,120,0.02
2023-12-17,4744,169,43.55,Home Goods,161,0.02
2023-12-18,5056,128,48.94,Electronics,96,0.01
2023-12-19,5480,127,49.63,Electronics,124,0.02
2023-12-20,3460,157,45.4,Books,172,0.03
2023-12-21,6770,165,45.91,Home Goods,177,0.02
2023-12-22,5436,125,49.69,Books,108,0.05
2023-12-23,4641,128,33.8,Books,117,0.01
2023-12-24,5583,185,40.75,Books,175,0.02
2023-12-25,5573,152,46.49,Books,133,0.02
2023-12-26,5610,163,46.28,Sports,112,0.05
2023-12-27,6316,135,38.37,Clothing,174,0.03
2023-12-28,6865,150,39.51,Electronics,116,0.02
2023-12-29,4204,129,43.59,Electronics,135,0.03
2023-12-30,3730,137,49.12,Clothing,94,0.05
2023-12-31,4440,150,47.5,Books,142,0.02
2024-01-01,6681,101,35.37,Electronics,132,0.02
2024-01-02,4837,108,48.28,Books,160,0.01
2024-01-03,6200,197,44.09,Home Goods,175,0.04
2024-01-04,4970,161,48.37,Sports,124,0.03
2024-01-05,4554,146,47.16,Books,159,0.01
2024-01-06,5333,139,35.76,Sports,151,0.04
2024-01-07,3380,148,47.75,Books,122,0.02
2024-01-08,6860,190,35.15,Sports,92,0.01
2024-01-09,4382,198,33.75,Clothing,155,0.02
2024-01-10,5381,144,46.63,Clothing,164,0.04
2024-01-11,4372,115,40.58,Books,113,0.04
2024-01-12,5864,102,42.83,Electronics,177,0.03
2024-01-13,5594,115,46.27,Books,171,0.02
2024-01-14,4776,113,40.23,Sports,148,0.03
2024-01-15,3656,196,36.49,Home Goods,166,0.01
2024-01-16,5922,128,30.96,Home Goods,124,0.02
2024-01-17,3617,152,39.57,Sports,164,0.05
2024-01-18,3808,192,36.02,Clothing,131,0.04
2024-01-19,4618,130,48.6,Clothing,154,0.04
2024-01-20,5394,126,46.47,Sports,128,0.01
2024-01-21,3410,102,31.5,Books,110,0.03
2024-01-22,5516,101,31.87,Home Goods,179,0.03
2024-01-23,5138,160,37.52,Electronics,134,0.02
2024-01-24,6608,107,35.59,Electronics,125,0.03
2024-01-25,3731,127,36.81,Books,163,0.02
2024-01-26,4519,139,46.44,Books,102,0.03
2024-01-27,3562,178,34.0,Electronics,157,0.03
2024-01-28,4144,117,47.1,Clothing,174,0.05
2024-01-29,5387,154,38.01,Electronics,92,0.02
2024-01-30,4661,178,42.24,Electronics,163,0.04
2024-01-31,3318,186,36.26,Home Goods,108,0.04
2024-02-01,5662,190,41.66,Books,150,0.01
2024-02-02,4196,140,46.98,Books,138,0.04
2024-02-03,6165,114,37.21,Sports,108,0.01
2024-02-04,6773,114,30.29,Books,141,0.02
2024-02-05,5316,180,45.0,Electronics,108,0.05
2024-02-06,3372,121,39.71,Clothing,123,0.03
2024-02-07,3146,168,37.25,Clothing,147,0.04
2024-02-08,6399,119,47.76,Clothing,144,0.04
2024-02-09,3730,189,48.73,Home Goods,98,0.03
2024-02-10,4005,157,37.08,Home Goods,127,0.05
2024-02-11,4154,165,41.45,Books,129,0.03
2024-02-12,4854,177,42.52,Electronics,104,0.03
2024-02-13,3456,192,47.79,Home Goods,177,0.02
2024-02-14,6690,149,39.09,Sports,102,0.02
2024-02-15,6894,137,34.22,Books,162,0.03
2024-02-16,5634,194,39.94,Clothing,132,0.04
2024-02-17,5005,151,32.84,Clothing,145,0.01
2024-02-18,6847,181,37.34,Electronics,164,0.02
2024-02-19,6224,192,32.43,Sports,163,0.04
2024-02-20,5024,136,48.04,Electronics,137,0.01
2024-02-21,4327,141,45.68,Books,148,0.03
2024-02-22,4330,196,46.87,Home Goods,120,0.02
2024-02-23,6502,102,43.21,Books,92,0.01
2024-02-24,4130,178,42.85,Books,161,0.01
2024-02-25,4918,105,37.67,Electronics,109,0.03
2024-02-26,4278,124,45.97,Sports,166,0.05
2024-02-27,6790,110,30.67,Books,105,0.04
2024-02-28,3898,168,34.25,Home Goods,112,0.02
2024-02-29,3353,195,32.65,Clothing,179,0.04
2024-03-01,6908,129,41.01,Electronics,99,0.04
2024-03-02,6298,176,33.36,Home Goods,145,0.04
2024-03-03,3470,196,32.68,Home Goods,111,0.03
2024-03-04,6685,129,37.23,Electronics,150,0.02
2024-03-05,5550,167,31.52,Books,145,0.05
2024-03-06,5304,167,45.33,Home Goods,139,0.04
2024-03-07,3494,188,49.17,Electronics,124,0.03
2024-03-08,5695,126,48.29,Clothing,112,0.01
2024-03-09,6257,133,41.15,Clothing,169,0.04
2024-03-10,4333,169,34.53,Electronics,133,0.01
2024-03-11,5064,147,49.12,Sports,178,0.03
2024-03-12,5467,147,48.31,Home Goods,159,0.02
2024-03-13,6762,115,33.31,Sports,124,0.04
2024-03-14,5892,119,43.33,Clothing,152,0.01
2024-03-15,3532,139,38.54,Sports,103,0.04
2024-03-16,5323,129,42.34,Books,124,0.03
2024-03-17,6214,119,44.66,Sports,115,0.04
2024-03-18,5458,182,35.57,Home Goods,155,0.01
2024-03-19,4749,152,42.81,Sports,116,0.03
2024-03-20,6477,187,45.23,Sports,178,0.03
2024-03-21,3613,173,37.91,Electronics,178,0.02
2024-03-22,4572,155,37.41,Sports,91,0.04
2024-03-23,5925,176,32.44,Clothing,125,0.04
2024-03-24,5549,102,36.57,Books,90,0.02
2024-03-25,3328,176,46.55,Sports,99,0.03
2024-03-26,4099,114,33.62,Books,138,0.04
2024-03-27,3300,153,35.88,Clothing,147,0.02
2024-03-28,3540,176,35.95,Books,101,0.04
2024-03-29,6925,159,44.83,Electronics,154,0.02
2024-03-30,5655,149,47.36,Home Goods,172,0.03
2024-03-31,6880,156,48.68,Books,173,0.03
2024-04-01,6499,142,37.96,Electronics,157,0.04
2024-04-02,5222,113,40.45,Clothing,146,0.03
2024-04-03,3995,136,37.82,Books,135,0.01
2024-04-04,3842,174,43.95,Home Goods,110,0.02
2024-04-05,3838,171,44.39,Electronics,112,0.04
2024-04-06,6244,174,35.57,Home Goods,172,0.02
2024-04-07,4191,178,37.32,Books,167,0.03
2024-04-08,4618,120,34.45,Clothing,137,0.03
2024-04-09,6074,185,46.84,Books,95,0.02
2024-04-10,3673,152,38.21,Electronics,102,0.03
2024-04-11,3420,114,48.98,Clothing,101,0.04
2024-04-12,6943,169,35.61,Books,156,0.02
2024-04-13,6794,165,43.21,Sports,149,0.04
2024-04-14,5349,134,35.3,Clothing,93,0.05
2024-04-15,4449,129,40.4,Electronics,101,0.03
2024-04-16,3943,182,36.74,Books,110,0.02
2024-04-17,4256,180,32.2,Clothing,162,0.04
2024-04-18,4989,182,44.07,Sports,106,0.03
2024-04-19,5645,156,39.32,Clothing,132,0.02
2024-04-20,6933,162,42.59,Books,95,0.02
2024-04-21,4876,101,45.61,Clothing,97,0.05
2024-04-22,3045,112,38.01,Electronics,145,0.04
2024-04-23,5129,118,36.65,Home Goods,166,0.02
2024-04-24,5163,121,33.09,Books,108,0.01
2024-04-25,4446,185,40.25,Electronics,120,0.04
2024-04-26,3687,156,38.31,Home Goods,159,0.04
2024-04-27,6931,196,45.91,Clothing,133,0.05
2024-04-28,6880,102,34.83,Sports,158,0.05
2024-04-29,6618,120,49.03,Electronics,155,0.03
2024-04-30,5207,118,37.75,Electronics,103,0.03
2024-05-01,3234,160,39.71,Home Goods,122,0.03
2024-05-02,4927,170,37.98,Sports,150,0.04
2024-05-03,6129,174,31.56,Home Goods,143,0.02
2024-05-04,3031,185,44.48,Electronics,172,0.03
2024-05-05,4103,117,30.71,Home Goods,110,0.02
2024-05-06,6615,150,48.46,Books,104,0.04
2024-05-07,6200,195,35.24,Sports,160,0.04
2024-05-08,3936,151,42.89,Clothing,110,0.03
2024-05-09,5170,150,38.56,Home Goods,164,0.02
2024-05-10,4036,174,41.03,Sports,101,0.04
2024-05-11,4606,196,48.97,Home Goods,97,0.02
2024-05-12,6768,127,35.84,Clothing,152,0.04
2024-05-13,5573,130,38.23,Electronics,98,0.04
2024-05-14,6506,178,42.91,Sports,132,0.01
2024-05-15,3076,133,37.4,Clothing,131,0.02
2024-05-16,4285,122,36.16,Books,141,0.02
2024-05-17,4066,173,45.43,Books,96,0.04
2024-05-18,5929,197,32.17,Sports,165,0.03
2024-05-19,3866,125,48.89,Sports,151,0.02
2024-05-20,3226,121,47.45,Books,160,0.03
2024-05-21,6865,180,42.95,Sports,150,0.03
2024-05-22,4790,124,39.4,Books,140,0.02
2024-05-23,4132,133,39.98,Clothing,91,0.03
2024-05-24,6706,167,33.3,Books,127,0.01
2024-05-25,4401,173,33.76,Sports,125,0.05
2024-05-26,3127,102,31.45,Clothing,161,0.04
2024-05-27,4533,155,30.47,Books,114,0.05
2024-05-28,3360,177,33.4,Electronics,167,0.04
2024-05-29,4479,171,32.57,Clothing,177,0.04
2024-05-30,5817,168,33.64,Books,110,0.04
2024-05-31,4955,165,31.71,Electronics,164,0.02
2024-06-01,6936,189,31.64,Clothing,173,0.02
2024-06-02,3488,173,41.03,Clothing,166,0.01
2024-06-03,6136,167,46.81,Home Goods,115,0.04
2024-06-04,3272,179,30.56,Sports,100,0.01
2024-06-05,6768,166,33.94,Electronics,105,0.05
2024-06-06,5954,112,40.31,Sports,110,0.04
2024-06-07,6252,149,40.69,Clothing,170,0.05
2024-06-08,3175,175,34.86,Home Goods,95,0.04
2024-06-09,5629,187,44.81,Sports,129,0.01
2024-06-10,3758,161,35.59,Home Goods,110,0.05
2024-06-11,5550,119,42.52,Home Goods,105,0.03
2024-06-12,4488,171,31.83,Clothing,148,0.02
2024-06-13,3682,120,40.68,Clothing,100,0.01
2024-06-14,3415,181,40.03,Home Goods,126,0.05
2024-06-15,4889,124,38.89,Home Goods,152,0.04
2024-06-16,4533,155,37.19,Clothing,106,0.02
2024-06-17,4945,140,49.95,Home Goods,155,0.03
2024-06-18,4902,101,46.59,Electronics,130,0.05
2024-06-19,3806,102,36.79,Home Goods,142,0.02
2024-06-20,5992,190,40.81,Electronics,140,0.05
2024-06-21,4024,190,49.99,Books,93,0.05
2024-06-22,3121,118,39.24,Electronics,111,0.03
2024-06-23,5679,153,40.72,Sports,127,0.01
2024-06-24,4040,126,30.86,Home Goods,152,0.03
2024-06-25,5901,109,48.3,Books,155,0.02
2024-06-26,6286,177,36.59,Sports,104,0.05
2024-06-27,4348,154,46.87,Electronics,110,0.03
2024-06-28,3665,183,35.7,Home Goods,102,0.05
2024-06-29,5763,113,33.08,Clothing,138,0.05
2024-06-30,4154,181,46.35,Electronics,92,0.02
2024-07-01,5454,187,46.19,Books,173,0.02
2024-07-02,5576,179,32.95,Clothing,116,0.05
2024-07-03,4090,164,48.61,Books,145,0.03
2024-07-04,6083,195,45.02,Electronics,170,0.04
2024-07-05,5676,175,34.43,Clothing,154,0.03
2024-07-06,5420,195,49.96,Clothing,125,0.03
2024-07-07,3459,169,46.71,Books,174,0.04
2024-07-08,5949,171,32.83,Books,94,0.03
2024-07-09,5228,150,39.88,Electronics,128,0.03
2024-07-10,3716,121,42.19,Sports,161,0.04
2024-07-11,4463,101,37.31,Sports,130,0.02
2024-07-12,4360,172,41.59,Clothing,122,0.04
2024-07-13,5693,155,42.65,Clothing,129,0.05
2024-07-14,4931,141,49.43,Home Goods,101,0.03
2024-07-15,5796,152,44.94,Sports,114,0.04
2024-07-16,3156,132,41.39,Sports,131,0.02
2024-07-17,5140,100,46.13,Electronics,105,0.04
2024-07-18,5634,139,49.68,Books,109,0.03
2024-07-19,6069,156,40.97,Sports,173,0.05
2024-07-20,3791,185,44.95,Home Goods,133,0.05
2024-07-21,5546,185,35.48,Clothing,176,0.03
2024-07-22,5015,155,40.68,Books,141,0.04
2024-07-23,6322,181,38.65,Clothing,171,0.02
2024-07-24,3380,135,31.61,Electronics,169,0.04
2024-07-25,4656,139,32.83,Home Goods,134,0.02
2024-07-26,4440,136,36.81,Electronics,98,0.03
2024-07-27,5178,117,38.98,Books,165,0.02
2024-07-28,6740,168,44.86,Sports,117,0.05
2024-07-29,3909,141,41.69,Clothing,143,0.03
2024-07-30,5463,182,30.24,Clothing,176,0.04
2024-07-31,5382,197,36.14,Books,141,0.04
2024-08-01,5978,125,35.25,Books,154,0.02
2024-08-02,4113,181,30.67,Clothing,169,0.04
2024-08-03,5021,198,46.63,Home Goods,147,0.05
2024-08-04,4839,184,34.88,Home Goods,130,0.04
2024-08-05,5217,126,35.64,Electronics,147,0.03
2024-08-06,6731,195,31.65,Books,172,0.04
2024-08-07,6847,130,36.75,Sports,116,0.02
2024-08-08,3161,188,30.78,Electronics,134,0.02
2024-08-09,4360,176,37.86,Electronics,122,0.03
2024-08-10,5059,166,35.79,Sports,167,0.04
2024-08-11,5841,172,44.17,Sports,143,0.03
2024-08-12,3131,122,39.52,Clothing,102,0.05
2024-08-13,6495,122,47.34,Electronics,105,0.02
2024-08-14,4079,181,30.89,Electronics,173,0.03
2024-08-15,6407,198,41.16,Electronics,147,0.04
2024-08-16,4692,144,36.25,Sports,122,0.05
2024-08-17,3305,192,35.03,Books,129,0.01
2024-08-18,6490,125,30.31,Books,159,0.04
2024-08-19,6634,136,43.11,Clothing,155,0.03
2024-08-20,6280,174,34.62,Books,171,0.01
2024-08-21,6003,147,34.63,Home Goods,157,0.03
2024-08-22,3678,110,34.37,Clothing,120,0.02
2024-08-23,6898,123,38.92,Home Goods,153,0.04
2024-08-24,5979,104,30.64,Clothing,101,0.05
2024-08-25,6892,122,37.55,Clothing,173,0.05
2024-08-26,4582,161,43.77,Sports,129,0.03
2024-08-27,6049,106,32.34,Electronics,136,0.05
2024-08-28,4558,190,45.17,Home Goods,136,0.02
2024-08-29,5727,178,37.45,Home Goods,99,0.04
2024-08-30,5278,160,42.84,Sports,134,0.03
2024-08-31,5151,101,48.67,Electronics,136,0.01
2024-09-01,3591,161,32.08,Clothing,115,0.05
2024-09-02,6950,186,40.55,Electronics,141,0.04
2024-09-03,4972,100,32.19,Home Goods,159,0.02
2024-09-04,4656,180,40.25,Sports,98,0.04
2024-09-05,3961,176,38.35,Books,171,0.04
2024-09-06,3613,124,41.91,Clothing,145,0.05
2024-09-07,4644,106,30.8,Clothing,161,0.02
2024-09-08,5392,103,35.85,Sports,172,0.04
2024-09-09,5294,114,32.92,Home Goods,147,0.01
2024-09-10,4963,174,46.84,Books,102,0.03
2024-09-11,5032,186,43.9,Electronics,174,0.04
2024-09-12,6150,161,45.19,Sports,92,0.03
2024-09-13,3832,197,46.8,Home Goods,164,0.05
2024-09-14,3051,184,36.84,Books,171,0.03
2024-09-15,6906,172,49.46,Clothing,160,0.02
2024-09-16,3335,198,35.75,Home Goods,101,0.05
2024-09-17,6995,120,31.54,Electronics,146,0.04
2024-09-18,3508,108,40.82,Electronics,104,0.02
2024-09-19,5432,169,44.57,Electronics,135,0.03
2024-09-20,5067,114,46.39,Clothing,131,0.03
2024-09-21,6771,102,38.9,Electronics,171,0.03
2024-09-22,5501,114,44.4,Books,154,0.04
2024-09-23,5629,104,41.51,Sports,157,0.05
2024-09-24,6408,135,43.31,Clothing,137,0.04
2024-09-25,5381,113,41.99,Home Goods,118,0.04
2024-09-26,5470,130,45.89,Home Goods,141,0.03
2024-09-27,3459,121,47.09,Sports,135,0.02
2024-09-28,6231,172,48.05,Sports,148,0.05
2024-09-29,4160,101,40.9,Home Goods,138,0.01
2024-09-30,4209,125,48.16,Home Goods,161,0.04
2024-10-01,3064,193,47.61,Home Goods,108,0.02
2024-10-02,3992,123,37.42,Clothing,145,0.05
2024-10-03,6202,139,47.71,Clothing,115,0.03
2024-10-04,4989,155,45.25,Clothing,153,0.02
2024-10-05,4928,188,45.64,Books,133,0.03
2024-10-06,5780,127,42.46,Books,176,0.04
2024-10-07,4755,124,40.68,Electronics,148,0.01
2024-10-08,5724,197,41.71,Electronics,175,0.01
2024-10-09,6062,129,45.0,Books,163,0.03
2024-10-10,3885,124,43.46,Home Goods,106,0.02
2024-10-11,5045,167,44.61,Home Goods,104,0.02
2024-10-12,5993,138,37.97,Electronics,165,0.02
2024-10-13,5582,119,44.68,Electronics,90,0.04
2024-10-14,6533,146,43.12,Electronics,171,0.04
2024-10-15,5232,154,47.69,Clothing,157,0.05
2024-10-16,5616,142,32.46,Books,119,0.02
2024-10-17,5293,106,46.44,Home Goods,155,0.03
2024-10-18,5178,127,35.31,Books,166,0.04
2024-10-19,4995,120,37.85,Clothing,139,0.05
2024-10-20,5022,113,31.48,Sports,148,0.03
2024-10-21,4481,122,32.3,Sports,126,0.02
2024-10-22,5757,119,43.59,Books,129,0.04
2024-10-23,3478,127,32.0,Electronics,168,0.05
2024-10-24,6581,124,49.97,Electronics,173,0.04
2024-10-25,5413,130,34.52,Clothing,159,0.02
2024-10-26,3373,112,38.84,Sports,113,0.03
2024-10-27,5328,166,32.86,Home Goods,165,0.03
2024-10-28,6561,195,42.88,Sports,148,0.03
2024-10-29,6563,106,42.03,Home Goods,127,0.01
2024-10-30,6364,110,41.17,Home Goods,134,0.04
2024-10-31,3882,116,43.23,Electronics,115,0.05
2024-11-01,4449,130,47.86,Sports,94,0.03
2024-11-02,3790,117,42.98,Home Goods,165,0.02
2024-11-03,3464,194,42.18,Books,121,0.01
2024-11-04,3489,173,33.85,Sports,103,0.02
2024-11-05,4036,171,46.41,Home Goods,175,0.02
2024-11-06,6328,160,49.01,Clothing,101,0.04
2024-11-07,5252,134,33.03,Home Goods,92,0.01
2024-11-08,6426,170,30.65,Electronics,171,0.03
2024-11-09,3059,193,35.69,Sports,152,0.03
2024-11-10,5751,199,34.5,Books,113,0.02
2024-11-11,4070,107,46.14,Books,160,0.04
2024-11-12,4176,121,44.67,Electronics,178,0.04
2024-11-13,6984,139,30.2,Electronics,121,0.04
2024-11-14,6267,156,46.19,Books,166,0.02
2024-11-15,5883,168,48.38,Clothing,115,0.04
2024-11-16,6909,161,46.52,Sports,168,0.04
2024-11-17,6005,160,48.92,Books,173,0.02
2024-11-18,3320,150,44.19,Sports,160,0.02
2024-11-19,6519,118,35.89,Clothing,132,0.03
2024-11-20,5358,187,45.26,Clothing,151,0.04
2024-11-21,6439,170,33.57,Clothing,138,0.01
2024-11-22,3754,128,40.68,Clothing,121,0.05
2024-11-23,6810,104,33.87,Sports,177,0.02
2024-11-24,3472,182,31.88,Sports,139,0.02
2024-11-25,4021,196,33.19,Books,168,0.05
2024-11-26,5359,170,41.42,Books,134,0.04
2024-11-27,3034,130,47.96,Books,95,0.02
2024-11-28,3813,180,36.73,Electronics,145,0.04
2024-11-29,3379,157,44.63,Sports,103,0.04
2024-11-30,3348,163,37.05,Electronics,159,0.02
2024-12-01,5328,163,31.52,Books,118,0.04
2024-12-02,6882,164,32.32,Books,147,0.03
2024-12-03,5853,131,46.82,Electronics,178,0.04
2024-12-04,5787,103,34.21,Books,153,0.05
2024-12-05,5584,177,30.25,Sports,148,0.01
2024-12-06,3220,156,46.46,Clothing,102,0.04
2024-12-07,3733,194,45.58,Home Goods,171,0.02
2024-12-08,4409,156,38.21,Books,96,0.02
2024-12-09,5443,114,39.55,Home Goods,133,0.02
2024-12-10,4045,137,45.57,Books,145,0.01
2024-12-11,5698,132,31.84,Electronics,99,0.03
2024-12-12,3654,195,41.15,Sports,160,0.01
2024-12-13,4638,168,42.43,Home Goods,158,0.03
2024-12-14,5294,109,39.59,Sports,117,0.04
2024-12-15,3976,180,38.05,Electronics,133,0.01
2024-12-16,5400,155,36.79,Electronics,174,0.04
2024-12-17,3632,180,43.78,Sports,112,0.02
2024-12-18,6768,177,49.76,Electronics,174,0.02
2024-12-19,6138,100,32.86,Sports,118,0.02
2024-12-20,5830,184,37.65,Books,129,0.03
2024-12-21,3228,181,36.09,Clothing,103,0.04
2024-12-22,3961,134,37.69,Sports,139,0.03
2024-12-23,3444,132,43.38,Sports,139,0.03
2024-12-24,5719,108,41.07,Books,97,0.02
2024-12-25,3489,193,46.42,Sports,105,0.04
2024-12-26,3575,199,43.66,Home Goods,125,0.02
2024-12-27,4972,107,32.1,Home Goods,123,0.03
2024-12-28,5031,137,35.58,Electronics,173,0.05
2024-12-29,5370,199,38.63,Home Goods,167,0.03
2024-12-30,4329,181,46.82,Clothing,103,0.03
2024-12-31,6719,127,47.43,Clothing,114,0.04
2025-01-01,5164,172,41.86,Books,139,0.03
2025-01-02,6405,130,31.65,Sports,173,0.03
2025-01-03,6829,123,36.75,Sports,149,0.04
2025-01-04,5387,165,40.72,Sports,104,0.04
2025-01-05,5311,167,45.26,Electronics,164,0.01
2025-01-06,5941,186,40.88,Electronics,102,0.04
2025-01-07,6465,117,33.03,Electronics,116,0.01
2025-01-08,4023,118,35.62,Books,123,0.04
2025-01-09,5153,106,36.75,Books,120,0.01
2025-01-10,5686,185,48.6,Sports,164,0.04
2025-01-11,3676,104,40.3,Home Goods,94,0.04
2025-01-12,5199,182,48.93,Sports,106,0.03
2025-01-13,3953,149,46.36,Sports,97,0.04
2025-01-14,5815,131,35.34,Home Goods,178,0.02
2025-01-15,5051,122,39.51,Electronics,141,0.04
2025-01-16,4662,193,33.5,Home Goods,136,0.03
2025-01-17,6204,114,37.85,Clothing,140,0.03
2025-01-18,4178,132,37.66,Clothing,171,0.04
2025-01-19,3614,157,48.59,Home Goods,165,0.03
2025-01-20,3477,196,42.1,Clothing,106,0.03
2025-01-21,4561,142,45.94,Electronics,139,0.04
2025-01-22,6639,111,42.48,Home Goods,144,0.02
2025-01-23,6014,179,33.8,Home Goods,135,0.01
2025-01-24,3763,180,45.06,Books,106,0.02
2025-01-25,3052,193,31.93,Clothing,113,0.04
2025-01-26,6256,119,43.84,Books,93,0.03
2025-01-27,4812,170,30.22,Electronics,169,0.04
2025-01-28,6099,103,33.45,Sports,124,0.02
2025-01-29,3812,113,42.84,Sports,161,0.02
2025-01-30,4694,137,40.41,Sports,163,0.03
2025-01-31,5831,191,33.18,Clothing,96,0.04
2025-02-01,6797,153,42.87,Books,165,0.04
2025-02-02,6238,168,31.66,Electronics,146,0.03
2025-02-03,5405,143,40.3,Sports,99,0.04
2025-02-04,4520,193,43.66,Electronics,134,0.04
2025-02-05,6784,139,37.08,Home Goods,149,0.02
2025-02-06,6428,168,46.51,Home Goods,102,0.02
2025-02-07,5019,130,37.13,Clothing,138,0.04
2025-02-08,6661,189,47.68,Clothing,123,0.02
2025-02-09,4263,167,30.31,Electronics,162,0.04
2025-02-10,3661,175,43.63,Books,129,0.02
2025-02-11,5966,116,33.16,Electronics,107,0.02
2025-02-12,3811,145,31.95,Home Goods,106,0.03
2025-02-13,6852,117,42.66,Sports,109,0.03
2025-02-14,4030,113,31.12,Clothing,126,0.03
2025-02-15,4726,125,41.78,Electronics,118,0.04
2025-02-16,3502,157,32.44,Clothing,162,0.03
2025-02-17,4687,133,40.3,Clothing,99,0.04
2025-02-18,5493,140,36.19,Books,103,0.02
2025-02-19,6349,163,33.14,Sports,149,0.01
2025-02-20,3896,193,47.07,Sports,121,0.02
2025-02-21,5373,155,48.16,Electronics,168,0.03
2025-02-22,5629,127,46.7,Sports,113,0.03
2025-02-23,6692,186,34.94,Books,166,0.05
2025-02-24,4211,129,46.4,Clothing,146,0.04
2025-02-25,5571,194,43.13,Home Goods,142,0.04
2025-02-26,3386,130,35.37,Electronics,140,0.02
2025-02-27,5815,108,49.57,Home Goods,165,0.04
2025-02-28,5011,155,33.77,Home Goods,155,0.03
2025-03-01,3914,105,34.62,Sports,124,0.04
2025-03-02,6965,139,46.88,Electronics,151,0.01
2025-03-03,3950,187,31.03,Books,111,0.02
2025-03-04,4760,123,44.53,Home Goods,163,0.05
2025-03-05,6253,150,30.44,Books,113,0.02
2025-03-06,5299,141,37.4,Sports,131,0.01
2025-03-07,3368,101,36.5,Clothing,136,0.05
2025-03-08,4443,132,30.08,Electronics,172,0.05
2025-03-09,3688,146,30.68,Sports,134,0.02
2025-03-10,6468,101,38.75,Electronics,118,0.04
2025-03-11,5579,126,30.93,Sports,144,0.01
2025-03-12,4792,165,34.12,Books,96,0.03
2025-03-13,4369,180,47.2,Electronics,117,0.03
2025-03-14,4864,149,40.17,Sports,139,0.02
2025-03-15,4579,147,33.56,Sports,163,0.03
2025-03-16,4058,164,34.43,Books,175,0.02
2025-03-17,4595,161,43.34,Electronics,121,0.02
2025-03-18,5756,132,40.45,Clothing,139,0.03
2025-03-19,4864,189,42.26,Clothing,144,0.03
2025-03-20,5739,148,43.22,Clothing,174,0.04
2025-03-21,6723,155,38.58,Electronics,140,0.01
2025-03-22,5955,152,48.46,Sports,137,0.04
2025-03-23,5316,103,48.27,Clothing,138,0.04
2025-03-24,3378,118,32.73,Electronics,111,0.04
2025-03-25,5490,126,31.49,Home Goods,99,0.02
2025-03-26,3532,111,32.03,Sports,128,0.04
2025-03-27,5360,132,35.0,Home Goods,100,0.04
2025-03-28,6847,199,43.33,Electronics,90,0.02
2025-03-29,3117,101,44.78,Books,151,0.02
2025-03-30,4663,168,40.49,Sports,111,0.05
2025-03-31,3259,156,39.08,Books,99,0.05
2025-04-01,4979,145,47.9,Books,129,0.04
2025-04-02,5266,111,45.17,Electronics,162,0.03
2025-04-03,3599,177,49.74,Home Goods,104,0.03
2025-04-04,3700,143,37.71,Clothing,164,0.04
2025-04-05,6541,199,35.79,Clothing,95,0.01
2025-04-06,4927,197,42.52,Electronics,124,0.01
2025-04-07,5788,128,33.56,Electronics,114,0.04
2025-04-08,6576,105,48.99,Home Goods,129,0.04
2025-04-09,4414,117,39.47,Sports,164,0.01
2025-04-10,4984,144,33.83,Books,148,0.02
2025-04-11,6116,191,34.88,Clothing,115,0.01
2025-04-12,3413,131,44.61,Sports,107,0.01
2025-04-13,3523,186,40.73,Electronics,173,0.01
2025-04-14,4852,149,46.47,Home Goods,157,0.05
2025-04-15,5619,135,37.56,Sports,97,0.02
2025-04-16,4562,182,46.86,Clothing,99,0.02
2025-04-17,3582,149,49.0,Home Goods,131,0.03
2025-04-18,3585,195,37.68,Clothing,160,0.03
2025-04-19,5058,186,44.97,Electronics,154,0.02
2025-04-20,6345,184,46.21,Home Goods,168,0.01
2025-04-21,6358,186,30.72,Home Goods,123,0.04
2025-04-22,4999,114,34.68,Books,161,0.04
2025-04-23,5559,152,41.16,Electronics,145,0.03
2025-04-24,3020,117,44.63,Books,177,0.03
2025-04-25,4327,149,37.81,Electronics,99,0.05
2025-04-26,3626,195,32.44,Sports,135,0.01
2025-04-27,6435,199,40.06,Electronics,120,0.03
2025-04-28,6902,180,49.56,Home Goods,171,0.01
2025-04-29,3163,113,37.07,Electronics,91,0.02
2025-04-30,3883,127,49.59,Books,116,0.03
2025-05-01,4038,162,46.49,Home Goods,92,0.02
2025-05-02,5001,133,46.96,Books,122,0.01
2025-05-03,3736,160,31.2,Electronics,106,0.01
2025-05-04,6592,181,34.16,Electronics,130,0.02
2025-05-05,3612,129,37.78,Electronics,150,0.05
2025-05-06,6063,175,35.7,Clothing,98,0.01
2025-05-07,5949,102,49.92,Clothing,116,0.02
2025-05-08,4009,153,41.22,Sports,148,0.01
2025-05-09,5110,162,47.26,Electronics,147,0.05
2025-05-10,3088,139,30.92,Books,122,0.02
2025-05-11,6724,197,47.51,Sports,131,0.04
2025-05-12,6895,123,49.05,Books,131,0.02
2025-05-13,4257,126,44.74,Sports,111,0.05
2025-05-14,3238,171,41.13,Electronics,179,0.01
2025-05-15,5721,135,49.91,Electronics,117,0.04
2025-05-16,6228,128,30.33,Clothing,101,0.03
2025-05-17,3963,123,31.05,Home Goods,176,0.02
2025-05-18,4816,122,43.45,Books,165,0.01
2025-05-19,4223,134,34.67,Sports,167,0.05
2025-05-20,5135,150,46.38,Home Goods,94,0.04
2025-05-21,4844,122,32.23,Clothing,116,0.02
2025-05-22,6987,166,38.81,Clothing,178,0.02
2025-05-23,5661,178,33.68,Books,159,0.02
2025-05-24,6246,112,46.13,Electronics,177,0.01
2025-05-25,4522,187,33.84,Electronics,152,0.03
2025-05-26,6745,114,30.98,Books,140,0.02
2025-05-27,5820,120,44.95,Books,94,0.02
2025-05-28,3109,122,40.27,Home Goods,161,0.02
2025-05-29,3852,182,31.76,Home Goods,174,0.04
2025-05-30,4112,135,37.28,Electronics,115,0.04
2025-05-31,3792,114,49.17,Sports,175,0.03
2025-06-01,5134,180,47.67,Clothing,105,0.03
2025-06-02,4041,133,32.03,Books,161,0.03
2025-06-03,6624,112,45.39,Electronics,176,0.03
2025-06-04,6776,172,45.1,Home Goods,138,0.04
2025-06-05,6007,125,48.38,Sports,134,0.04
2025-06-06,6286,130,40.11,Sports,105,0.03
2025-06-07,6908,187,46.18,Home Goods,178,0.03
2025-06-08,6676,173,40.44,Electronics,154,0.02
2025-06-09,6966,163,45.78,Sports,176,0.05
2025-06-10,3827,142,36.09,Books,154,0.04
2025-06-11,4620,184,32.53,Sports,131,0.04
2025-06-12,3865,167,41.11,Clothing,152,0.03
2025-06-13,4192,136,36.27,Clothing,172,0.04
2025-06-14,4918,146,40.18,Clothing,154,0.03
2025-06-15,5795,187,43.11,Home Goods,143,0.05
2025-06-16,5773,108,38.64,Clothing,150,0.03
2025-06-17,3473,153,45.85,Books,170,0.03
2025-06-18,6785,182,43.16,Home Goods,109,0.02
2025-06-19,5089,148,46.11,Sports,122,0.04
2025-06-20,3217,186,44.39,Clothing,172,0.03
2025-06-21,6809,199,45.61,Home Goods,167,0.01
2025-06-22,4648,149,34.07,Electronics,131,0.04
2025-06-23,6329,175,45.7,Home Goods,93,0.05
2025-06-24,3524,132,39.76,Clothing,158,0.04
2025-06-25,4316,182,41.61,Books,154,0.02
2025-06-26,4384,185,42.25,Electronics,97,0.04
2025-06-27,4348,192,31.82,Electronics,126,0.04
2025-06-28,6358,146,33.77,Electronics,174,0.04
2025-06-29,3761,143,48.43,Sports,147,0.03
2025-06-30,5132,108,37.69,Home Goods,141,0.05
2025-07-01,4182,162,37.17,Sports,153,0.01
2025-07-02,5924,173,38.02,Clothing,125,0.03
2025-07-03,4808,124,32.43,Electronics,118,0.04
2025-07-04,5886,140,37.45,Electronics,113,0.04
2025-07-05,5973,157,47.2,Sports,145,0.03
2025-07-06,6686,134,45.51,Home Goods,131,0.04
2025-07-07,5666,186,41.64,Books,128,0.04
2025-07-08,6349,106,43.11,Books,170,0.03
2025-07-09,6058,176,35.31,Sports,122,0.04
2025-07-10,4448,160,36.86,Clothing,132,0.02
2025-07-11,5579,102,41.89,Books,129,0.04
2025-07-12,3792,189,45.99,Electronics,172,0.04
2025-07-13,3115,107,39.88,Electronics,104,0.01
2025-07-14,4931,115,38.52,Sports,97,0.02
2025-07-15,6930,199,38.45,Sports,138,0.04
2025-07-16,6202,161,45.62,Clothing,123,0.03
2025-07-17,3419,156,41.69,Clothing,170,0.01
2025-07-18,5522,136,49.04,Sports,126,0.01
2025-07-19,3760,184,34.61,Books,128,0.04
2025-07-20,4987,134,37.45,Books,135,0.03
2025-07-21,4813,160,31.36,Books,107,0.03
2025-07-22,5158,124,36.49,Clothing,120,0.05
2025-07-23,4423,114,36.87,Electronics,102,0.03
2025-07-24,3175,121,45.16,Electronics,166,0.04
2025-07-25,4390,160,42.16,Electronics,135,0.02
2025-07-26,3265,123,38.47,Clothing,153,0.05
2025-07-27,5493,113,35.55,Home Goods,131,0.03
2025-07-28,4400,122,42.04,Books,91,0.02
2025-07-29,6437,127,31.14,Clothing,127,0.05
2025-07-30,5993,155,33.02,Electronics,155,0.03
2025-07-31,5685,145,37.87,Books,97,0.02
2025-08-01,6896,100,48.71,Sports,157,0.02
2025-08-02,6907,147,42.98,Books,164,0.05
2025-08-03,5933,196,44.22,Books,109,0.03
2025-08-04,4877,124,31.79,Home Goods,121,0.05
2025-08-05,5148,175,43.52,Clothing,132,0.01
2025-08-06,3349,105,37.95,Books,91,0.03
2025-08-07,4105,151,33.55,Sports,148,0.04
2025-08-08,5194,120,45.67,Electronics,107,0.03
2025-08-09,5647,167,33.38,Books,130,0.03
2025-08-10,4668,141,41.11,Clothing,115,0.02
2025-08-11,3227,124,40.6,Electronics,113,0.05
2025-08-12,3702,190,34.91,Sports,96,0.03
2025-08-13,6517,173,48.9,Electronics,92,0.03
2025-08-14,6111,111,47.36,Books,92,0.04
2025-08-15,5026,165,46.68,Electronics,117,0.04
2025-08-16,3654,150,34.04,Home Goods,160,0.02
2025-08-17,6191,168,45.58,Sports,95,0.05
2025-08-18,6739,171,34.11,Books,126,0.03
2025-08-19,5811,193,39.86,Electronics,118,0.03
2025-08-20,6887,172,30.43,Home Goods,105,0.04
2025-08-21,5422,123,38.28,Electronics,97,0.01
2025-08-22,5600,102,37.79,Home Goods,154,0.04
2025-08-23,6130,143,41.92,Clothing,129,0.04
2025-08-24,3298,156,34.04,Clothing,156,0.02
2025-08-25,3124,141,48.34,Books,155,0.03
2025-08-26,6952,153,44.61,Books,160,0.04
2025-08-27,3453,174,35.64,Books,125,0.02
2025-08-28,5660,161,45.85,Home Goods,136,0.04
2025-08-29,5909,147,37.86,Clothing,145,0.02
2025-08-30,3351,108,36.69,Electronics,92,0.04
2025-08-31,5351,196,38.38,Clothing,175,0.02
2025-09-01,5114,135,38.82,Books,158,0.03
2025-09-02,5609,199,33.28,Books,142,0.02
2025-09-03,5853,110,40.66,Sports,114,0.03
2025-09-04,3473,182,41.41,Electronics,134,0.03
2025-09-05,4614,124,42.38,Home Goods,144,0.02
2025-09-06,3880,184,47.31,Books,160,0.02
2025-09-07,6881,103,46.04,Books,162,0.03
2025-09-08,5672,164,31.66,Electronics,108,0.01
2025-09-09,3384,149,34.32,Home Goods,151,0.02
2025-09-10,6653,155,35.7,Sports,130,0.03
2025-09-11,5492,109,46.23,Sports,104,0.05
2025-09-12,4665,190,45.93,Electronics,115,0.04
2025-09-13,6594,125,38.74,Books,116,0.03
2025-09-14,5366,140,42.79,Home Goods,150,0.04
2025-09-15,4545,136,39.69,Sports,109,0.02
2025-09-16,4382,142,33.25,Home Goods,177,0.01
2025-09-17,4253,135,33.58,Sports,107,0.03
2025-09-18,6653,107,35.97,Books,132,0.05
2025-09-19,4865,100,41.91,Books,170,0.02
2025-09-20,6305,108,34.62,Books,91,0.02
2025-09-21,5937,141,43.48,Electronics,152,0.04
2025-09-22,3981,168,38.85,Electronics,98,0.04
2025-09-23,6702,184,40.44,Sports,106,0.03
2025-09-24,3214,104,42.53,Clothing,120,0.01
2025-09-25,5511,113,41.08,Sports,111,0.02
2025-09-26,6239,102,36.76,Sports,145,0.04
2025-09-27,6184,117,35.5,Home Goods,174,0.04
2025-09-28,5604,153,33.89,Sports,143,0.04
2025-09-29,6720,183,43.27,Sports,172,0.02
2025-09-30,3877,139,32.7,Clothing,115,0.05
2025-10-01,4076,172,35.8,Home Goods,146,0.04
2025-10-02,5202,117,37.58,Clothing,100,0.01
2025-10-03,3126,129,43.98,Home Goods,147,0.05
2025-10-04,5847,103,36.19,Electronics,159,0.03
2025-10-05,4429,196,48.15,Home Goods,160,0.02
2025-10-06,3621,127,36.49,Sports,175,0.01
2025-10-07,6214,176,45.42,Electronics,177,0.02
2025-10-08,3428,193,41.27,Sports,90,0.04
2025-10-09,3683,160,47.98,Electronics,177,0.04
2025-10-10,3426,125,45.75,Electronics,174,0.02
2025-10-11,4730,131,31.81,Clothing,115,0.02
2025-10-12,3017,192,42.98,Home Goods,115,0.03
2025-10-13,3627,171,31.79,Home Goods,117,0.04
2025-10-14,4591,116,34.36,Electronics,92,0.02
2025-10-15,6299,103,41.27,Electronics,116,0.02
2025-10-16,6573,148,45.86,Books,123,0.01
2025-10-17,6463,128,38.5,Electronics,124,0.04
2025-10-18,6379,179,37.51,Clothing,105,0.02
2025-10-19,5903,166,38.4,Sports,154,0.04
2025-10-20,3068,138,48.05,Books,125,0.03
2025-10-21,3427,149,30.46,Books,163,0.05
2025-10-22,5602,193,39.77,Home Goods,108,0.04
2025-10-23,3252,191,37.25,Sports,139,0.01
2025-10-24,5076,127,44.56,Electronics,92,0.02
2025-10-25,5617,198,47.22,Books,149,0.03
2025-10-26,5792,164,44.58,Books,110,0.02
2025-10-27,6984,180,46.07,Sports,107,0.01
2025-10-28,3745,160,33.37,Books,159,0.04
2025-10-29,5956,161,41.36,Books,95,0.01
2025-10-30,3059,161,34.49,Sports,101,0.02
2025-10-31,6529,164,30.88,Books,152,0.02
2025-11-01,3772,144,34.96,Home Goods,151,0.03
2025-11-02,6843,198,39.24,Home Goods,93,0.04
2025-11-03,3991,118,34.74,Clothing,152,0.02
2025-11-04,3747,101,35.75,Clothing,147,0.03
2025-11-05,5876,106,31.24,Books,169,0.02
2025-11-06,3449,173,33.93,Clothing,138,0.05
2025-11-07,6953,105,39.11,Books,113,0.04
2025-11-08,4664,100,46.32,Sports,138,0.04
2025-11-09,6768,168,37.69,Home Goods,104,0.03
2025-11-10,5381,134,44.35,Sports,131,0.02
2025-11-11,5230,152,39.72,Sports,170,0.05
2025-11-12,5347,187,31.26,Electronics,111,0.03
2025-11-13,6849,127,32.34,Books,161,0.04
2025-11-14,6122,146,38.55,Electronics,117,0.02
2025-11-15,5073,197,38.46,Electronics,101,0.05
2025-11-16,5732,100,45.27,Home Goods,163,0.02
2025-11-17,3800,124,38.08,Home Goods,120,0.04
2025-11-18,5411,135,47.17,Books,118,0.01
2025-11-19,4273,181,44.13,Electronics,135,0.03
2025-11-20,6513,110,30.52,Books,177,0.05
2025-11-21,5234,128,37.97,Electronics,101,0.03
2025-11-22,3101,124,38.04,Electronics,119,0.05
2025-11-23,4376,114,32.21,Sports,169,0.01
2025-11-24,6062,135,37.13,Books,93,0.05
2025-11-25,5033,199,30.21,Clothing,96,0.05
2025-11-26,3450,168,37.17,Sports,167,0.05
2025-11-27,4788,154,30.05,Sports,141,0.05
2025-11-28,6092,115,47.81,Home Goods,107,0.02
2025-11-29,6565,144,36.65,Clothing,125,0.01
2025-11-30,4863,184,30.67,Books,131,0.02
2025-12-01,4885,114,38.05,Sports,135,0.03
2025-12-02,5805,198,38.5,Sports,143,0.05
2025-12-03,6451,128,40.8,Books,91,0.02
2025-12-04,3493,188,46.62,Clothing,100,0.03
2025-12-05,5067,197,40.35,Books,132,0.03
2025-12-06,4694,115,46.59,Home Goods,177,0.01
2025-12-07,5758,199,45.04,Books,122,0.03
2025-12-08,4685,185,41.62,Books,174,0.04
2025-12-09,4113,196,33.49,Clothing,110,0.03
2025-12-10,6177,131,32.91,Electronics,158,0.04
2025-12-11,4368,185,44.66,Books,169,0.05
2025-12-12,5103,180,46.68,Clothing,176,0.03
2025-12-13,5988,106,44.97,Clothing,106,0.02
2025-12-14,3508,144,45.85,Books,171,0.04
2025-12-15,3103,197,47.12,Home Goods,159,0.02
2025-12-16,6693,151,39.83,Home Goods,92,0.03
2025-12-17,4119,195,41.96,Clothing,135,0.03
2025-12-18,5144,176,39.51,Home Goods,140,0.04
2025-12-19,6187,178,43.25,Electronics,126,0.04
2025-12-20,3631,112,36.79,Electronics,175,0.03
2025-12-21,6732,162,37.87,Clothing,152,0.05
2025-12-22,5524,174,49.05,Clothing,120,0.04
2025-12-23,6676,159,45.74,Home Goods,98,0.04
2025-12-24,6188,195,35.01,Home Goods,90,0.03
2025-12-25,4059,140,42.26,Home Goods,155,0.03
2025-12-26,6027,183,35.92,Sports,116,0.03
2025-12-27,4986,197,41.61,Clothing,160,0.04
2025-12-28,5789,103,34.43,Books,148,0.03
2025-12-29,5851,110,38.95,Clothing,145,0.04
2025-12-30,5083,135,33.3,Clothing,134,0.02
2025-12-31,3323,150,46.91,Sports,165,0.04
2026-01-01,6398,162,42.18,Sports,145,0.03
2026-01-02,5061,184,34.86,Home Goods,111,0.03
2026-01-03,4136,172,45.63,Home Goods,149,0.04
2026-01-04,6024,142,37.52,Home Goods,150,0.02
2026-01-05,4494,170,41.69,Books,117,0.02
2026-01-06,3090,159,44.5,Sports,103,0.01
2026-01-07,6855,141,39.89,Sports,159,0.02
2026-01-08,3021,100,35.17,Sports,170,0.03
2026-01-09,3942,126,47.25,Sports,150,0.04
2026-01-10,5763,131,47.57,Clothing,107,0.04
2026-01-11,4059,115,30.52,Electronics,164,0.01
2026-01-12,6745,170,34.06,Books,165,0.05
2026-01-13,4092,118,33.15,Books,98,0.03
2026-01-14,6007,175,30.1,Sports,155,0.04
2026-01-15,4338,159,37.67,Sports,179,0.03
2026-01-16,6730,126,37.7,Sports,102,0.02
2026-01-17,5530,118,40.65,Books,140,0.01
2026-01-18,3470,131,42.45,Clothing,142,0.03
2026-01-19,5850,169,41.08,Home Goods,172,0.03
2026-01-20,5794,120,45.97,Home Goods,160,0.02
2026-01-21,3939,194,37.26,Home Goods,122,0.04
2026-01-22,5446,162,45.16,Electronics,156,0.04
2026-01-23,6423,194,33.38,Electronics,174,0.01
2026-01-24,6363,190,41.95,Home Goods,130,0.02
2026-01-25,3443,109,47.81,Books,125,0.02
2026-01-26,4389,140,31.86,Books,105,0.02
2026-01-27,5535,171,39.78,Clothing,121,0.02
2026-01-28,6630,184,46.66,Books,109,0.02
2026-01-29,3729,141,31.59,Sports,120,0.03
2026-01-30,4825,195,46.97,Home Goods,127,0.05
2026-01-31,6669,148,40.97,Home Goods,176,0.03
2026-02-01,5893,192,47.38,Books,158,0.04
2026-02-02,5895,141,33.11,Sports,123,0.02
2026-02-03,5283,105,49.01,Clothing,91,0.02
2026-02-04,4494,112,38.49,Clothing,121,0.05
2026-02-05,4239,117,31.7,Sports,164,0.01
2026-02-06,6973,141,46.19,Sports,143,0.02
2026-02-07,4005,192,37.51,Books,146,0.01
2026-02-08,5911,101,38.07,Electronics,159,0.03
2026-02-09,4440,197,44.11,Home Goods,166,0.01
2026-02-10,5106,155,41.17,Sports,147,0.02
2026-02-11,3292,195,38.2,Electronics,152,0.01
2026-02-12,5327,169,31.34,Books,174,0.04
2026-02-13,5920,184,31.17,Home Goods,120,0.02
2026-02-14,3158,119,33.8,Home Goods,105,0.02
2026-02-15,6039,197,38.09,Clothing,168,0.04
2026-02-16,4631,152,32.01,Books,108,0.03
2026-02-17,3941,162,41.94,Books,177,0.04
2026-02-18,4372,185,36.53,Electronics,131,0.03
2026-02-19,6374,134,33.43,Home Goods,135,0.02
2026-02-20,4520,107,38.55,Clothing,121,0.05
2026-02-21,3198,154,36.94,Home Goods,133,0.01
2026-02-22,3952,149,42.31,Home Goods,128,0.04
2026-02-23,6181,199,39.82,Clothing,143,0.03
2026-02-24,5636,114,32.55,Clothing,177,0.04
2026-02-25,3893,123,48.34,Home Goods,111,0.03
2026-02-26,3199,157,32.49,Books,128,0.01
2026-02-27,4315,197,38.78,Home Goods,160,0.03
2026-02-28,6113,110,48.31,Home Goods,103,0.01
2026-03-01,6089,176,39.84,Sports,138,0.03
2026-03-02,6308,122,41.19,Clothing,139,0.04
2026-03-03,4699,163,37.65,Sports,122,0.02
2026-03-04,4824,198,49.14,Electronics,152,0.05
2026-03-05,6448,171,41.94,Home Goods,100,0.01
2026-03-06,3796,104,42.33,Electronics,163,0.03
2026-03-07,3242,138,46.97,Sports,102,0.02
2026-03-08,4084,131,36.7,Clothing,161,0.03
2026-03-09,4146,178,35.5,Books,177,0.02
2026-03-10,5721,182,32.77,Books,95,0.02
2026-03-11,4294,153,43.51,Books,107,0.01
2026-03-12,5600,125,35.15,Electronics,128,0.01
2026-03-13,6225,101,43.34,Electronics,174,0.03
2026-03-14,4365,165,49.98,Clothing,108,0.02
2026-03-15,6834,179,33.61,Home Goods,93,0.02
2026-03-16,5749,145,39.36,Electronics,179,0.03
2026-03-17,5091,131,37.33,Books,141,0.04
2026-03-18,6629,116,38.66,Home Goods,153,0.04
2026-03-19,5821,118,37.18,Clothing,140,0.04
2026-03-20,4604,175,45.25,Books,136,0.02
2026-03-21,3035,199,30.82,Clothing,100,0.03
2026-03-22,4974,187,30.58,Home Goods,169,0.02
2026-03-23,4670,136,42.79,Books,112,0.02
2026-03-24,5929,195,40.7,Electronics,157,0.04
2026-03-25,3092,186,31.15,Sports,128,0.03
2026-03-26,4292,142,30.48,Books,90,0.02
2026-03-27,5611,116,30.77,Home Goods,171,0.04
2026-03-28,4397,114,49.46,Sports,142,0.05
2026-03-29,4600,165,38.41,Electronics,167,0.05
2026-03-30,5261,122,39.9,Electronics,96,0.02
2026-03-31,5727,117,47.25,Home Goods,100,0.01
2026-04-01,4726,197,45.17,Electronics,110,0.04
2026-04-02,6682,141,37.99,Books,98,0.05
2026-04-03,5850,119,34.66,Sports,163,0.04
2026-04-04,5612,194,43.65,Sports,133,0.02
2026-04-05,6206,171,34.69,Home Goods,91,0.02
2026-04-06,5672,100,37.52,Sports,101,0.04
2026-04-07,3900,133,49.5,Sports,156,0.03
2026-04-08,4292,168,33.46,Books,146,0.01
2026-04-09,4055,179,35.82,Sports,140,0.02
2026-04-10,3323,180,33.21,Home Goods,168,0.03
2026-04-11,3350,126,31.14,Books,172,0.05
2026-04-12,5557,133,39.02,Clothing,126,0.04
2026-04-13,3169,163,33.04,Sports,94,0.03
2026-04-14,6014,186,32.43,Sports,165,0.02
2026-04-15,3455,188,44.34,Electronics,94,0.01
2026-04-16,6346,176,44.81,Electronics,93,0.04
2026-04-17,4147,121,37.86,Clothing,93,0.02
2026-04-18,6438,165,34.16,Electronics,97,0.03
2026-04-19,4208,166,38.74,Sports,133,0.04
2026-04-20,5641,137,45.35,Home Goods,151,0.02
2026-04-21,5815,123,45.65,Electronics,151,0.02
2026-04-22,4878,100,37.27,Books,130,0.03
2026-04-23,6940,160,30.28,Books,150,0.04
2026-04-24,3920,150,46.09,Sports,117,0.01
2026-04-25,6904,102,43.66,Books,169,0.04
2026-04-26,4605,121,47.55,Electronics,105,0.04
2026-04-27,3087,147,30.22,Electronics,102,0.05
2026-04-28,5766,163,43.49,Books,114,0.04
2026-04-29,6428,197,44.71,Sports,131,0.03
2026-04-30,4423,168,32.03,Home Goods,149,0.05
2026-05-01,3131,178,33.1,Home Goods,123,0.05
2026-05-02,5273,101,42.78,Books,118,0.03
2026-05-03,5839,162,31.06,Clothing,100,0.02
2026-05-04,5656,189,37.41,Books,97,0.02
2026-05-05,3052,151,45.33,Books,121,0.03
2026-05-06,3121,175,35.76,Books,99,0.01
2026-05-07,4107,130,37.82,Books,144,0.04
2026-05-08,6271,147,32.64,Sports,128,0.03
2026-05-09,3751,150,32.26,Electronics,106,0.04
2026-05-10,6099,117,42.6,Books,172,0.01
2026-05-11,5276,186,35.96,Sports,166,0.02
2026-05-12,5750,194,48.39,Books,108,0.02
2026-05-13,6870,144,32.21,Electronics,146,0.03
2026-05-14,6030,170,39.17,Home Goods,91,0.04
2026-05-15,3934,164,43.13,Sports,179,0.03
2026-05-16,6758,100,42.66,Books,104,0.04
2026-05-17,4913,147,47.56,Sports,149,0.04
2026-05-18,3039,183,44.73,Electronics,165,0.04
2026-05-19,5409,194,36.38,Electronics,177,0.04
2026-05-20,5227,136,39.64,Clothing,169,0.05
2026-05-21,5715,191,37.01,Books,158,0.04
2026-05-22,3513,139,47.53,Clothing,91,0.02
2026-05-23,4338,139,42.45,Home Goods,133,0.04
2026-05-24,4669,151,34.19,Sports,110,0.03
2026-05-25,5057,133,32.84,Books,95,0.02
2026-05-26,5909,178,47.2,Home Goods,128,0.01
2026-05-27,5622,128,30.73,Clothing,109,0.02
2026-05-28,6994,166,34.38,Sports,133,0.03
2026-05-29,6467,144,49.56,Books,132,0.01
2026-05-30,6956,114,46.79,Sports,157,0.03
2026-05-31,6219,174,49.94,Home Goods,167,0.02
2026-06-01,4282,163,42.27,Electronics,170,0.04
2026-06-02,5628,126,32.59,Clothing,94,0.02
2026-06-03,6620,137,38.19,Electronics,175,0.02
2026-06-04,5633,170,42.26,Clothing,128,0.02
2026-06-05,6793,117,35.65,Electronics,132,0.04
2026-06-06,4599,180,31.44,Sports,137,0.01
2026-06-07,5344,147,46.24,Books,109,0.05
2026-06-08,6759,165,33.29,Sports,121,0.02
2026-06-09,5410,160,45.11,Electronics,97,0.03
2026-06-10,5547,182,44.37,Electronics,142,0.03
2026-06-11,4665,110,34.97,Electronics,163,0.03
2026-06-12,5297,171,37.02,Books,105,0.02
2026-06-13,6924,186,32.1,Clothing,176,0.01
2026-06-14,4716,109,37.26,Books,131,0.04
2026-06-15,4353,118,33.43,Clothing,122,0.03
2026-06-16,5706,137,40.05,Electronics,110,0.02
2026-06-17,5849,131,44.15,Home Goods,101,0.05
2026-06-18,6458,183,39.49,Electronics,118,0.03
2026-06-19,5532,179,41.62,Clothing,132,0.02
2026-06-20,3490,164,38.44,Electronics,107,0.02
2026-06-21,5864,135,40.58,Sports,94,0.05
2026-06-22,6864,172,45.24,Home Goods,126,0.03
2026-06-23,5629,198,43.77,Home Goods,161,0.02
2026-06-24,6929,129,43.11,Books,161,0.05
2026-06-25,4784,156,32.31,Books,168,0.04
2026-06-26,5305,109,47.84,Sports,108,0.03
2026-06-27,4165,120,30.09,Electronics,172,0.04
2026-06-28,4203,157,42.51,Home Goods,161,0.03
2026-06-29,5020,198,47.49,Clothing,90,0.02
2026-06-30,3762,150,48.03,Clothing,145,0.01
2026-07-01,6129,164,35.49,Home Goods,105,0.02
2026-07-02,4084,178,49.93,Electronics,132,0.02
2026-07-03,5215,143,34.82,Sports,142,0.03
2026-07-04,3122,157,49.16,Home Goods,155,0.03
2026-07-05,6531,184,43.14,Books,126,0.01
2026-07-06,4554,193,43.57,Clothing,109,0.02
2026-07-07,3742,124,31.75,Books,150,0.01
2026-07-08,3522,126,41.3,Books,125,0.04
2026-07-09,4016,126,45.41,Sports,135,0.04
2026-07-10,5388,100,32.3,Sports,94,0.05
2026-07-11,5315,180,35.05,Sports,114,0.02
2026-07-12,6688,121,39.9,Books,123,0.05
2026-07-13,6970,184,40.57,Clothing,158,0.02
2026-07-14,4023,181,42.93,Sports,146,0.03
2026-07-15,4299,108,39.7,Sports,121,0.03
2026-07-16,5485,118,35.08,Sports,177,0.05
2026-07-17,4925,188,36.75,Books,144,0.01
2026-07-18,6026,170,39.91,Sports,179,0.04
2026-07-19,6191,188,39.65,Electronics,170,0.03
2026-07-20,6701,148,39.95,Electronics,175,0.01
2026-07-21,3986,145,42.28,Home Goods,96,0.02
2026-07-22,6304,111,48.59,Clothing,120,0.04
2026-07-23,3690,142,46.02,Home Goods,133,0.04
2026-07-24,5027,175,36.77,Home Goods,119,0.01
2026-07-25,5184,110,31.75,Electronics,114,0.02
2026-07-26,4589,147,38.32,Home Goods,114,0.01
2026-07-27,5943,157,38.63,Sports,129,0.04
